{
  "generated_at": "2026-02-13T11:47:40.365354+00:00",
  "best_model_by_mae": "classic_transformer",
  "models": {
    "classic_transformer": {
      "mae": 0.07725805044174194,
      "rmse": 0.09932167083024979,
      "n_eval": 7437,
      "n_stations": 1
    }
  }
}