station,n_eval,mae,rmse
electricity,7437,0.07725805044174194,0.09932167083024979
